{"cameraMode":{"drawMode":0,"name":"Shaded","section":"Shading Mode"},"sceneLighting":false,"audioPlay":false,"sceneViewState":{"m_AlwaysRefresh":false,"showFog":true,"showSkybox":false,"showFlares":true,"showImageEffects":true,"showParticleSystems":true,"showVisualEffectGraphs":true,"m_FxEnabled":true},"in2DMode":false,"pivot":{"x":867.322998046875,"y":90.85761260986328,"z":255.66839599609376},"rotation":{"x":0.013964978978037835,"y":0.8741357326507568,"z":-0.48483017086982729,"w":0.025178976356983186},"size":21.890119552612306,"orthographic":false}