{"cameraMode":{"drawMode":0,"name":"Shaded","section":"Shading Mode"},"sceneLighting":false,"audioPlay":false,"sceneViewState":{"m_AlwaysRefresh":false,"showFog":true,"showSkybox":false,"showFlares":true,"showImageEffects":true,"showParticleSystems":true,"showVisualEffectGraphs":true,"m_FxEnabled":true},"in2DMode":false,"pivot":{"x":992.8599853515625,"y":171.57000732421876,"z":338.19000244140627},"rotation":{"x":0.043571099638938907,"y":0.9221069812774658,"z":-0.3687266409397125,"w":0.10895168781280518},"size":12.990381240844727,"orthographic":false}